{
  "best_epoch": 77,
  "best_metrics": {
    "train_loss": 0.07597006130218506,
    "train_dice": 0.9251618775129318,
    "train_iou": 0.8710793007612229,
    "val_loss": 0.06890187802131542,
    "val_dice": 0.9348588057025939,
    "val_iou": 0.8880344474030112,
    "lr": 3.125e-05
  },
  "total_epochs": 88
}