{
  "best_epoch": 36,
  "best_metrics": {
    "train_loss": 0.05600543290376663,
    "train_dice": 0.9422616970539093,
    "train_iou": 0.8961534013748169,
    "val_loss": 0.05023365728408396,
    "val_dice": 0.9498651475011708,
    "val_iou": 0.9109350464896052,
    "lr": 2.5e-05
  },
  "total_epochs": 40
}