{
  "best_epoch": 47,
  "best_metrics": {
    "train_loss": 0.05690286131275277,
    "train_dice": 0.9396577414966398,
    "train_iou": 0.8904503920385914,
    "val_loss": 0.052669836539113356,
    "val_dice": 0.9482415817573875,
    "val_iou": 0.9069005971302291,
    "lr": 0.00025
  },
  "total_epochs": 58
}