{
  "best_epoch": 22,
  "best_metrics": {
    "train_loss": 0.06531166385665729,
    "train_dice": 0.9347522816398404,
    "train_iou": 0.8851406354230125,
    "val_loss": 0.053451165340342624,
    "val_dice": 0.9482488591157033,
    "val_iou": 0.9075470779708283,
    "lr": 9.97121666887669e-05
  },
  "total_epochs": 33
}